,Strength,Speed,Endurance,Flexibility
Strength,1.0,0.3791685742558338,0.34174905419404467,0.3891618910021571
Speed,0.3791685742558338,1.0,0.42540128547923034,0.19960423496889368
Endurance,0.34174905419404467,0.42540128547923034,1.0,0.30733757125446143
Flexibility,0.3891618910021571,0.19960423496889368,0.30733757125446143,1.0
